feature,importance
points_per_game,0.40146064878520527
goal_difference,0.2397873514454531
goals_scored,0.1990935778748138
goals_conceded,0.1596584218945278
matches_played,0.0
